Relative path,Description,Resolution,Size,Type,Tags,Profile,Last_update
astronauta.jpeg,vertical,"(720, 1280)",78197,image/jpeg,"['astronauta', 'cielo', 'pychodelic']",s0sh1,1583515298
Laprovitola.raw,vertical,"(935, 1681)",239046,image/RAW,"['space ', 'jam', 'basket']",Galo,1269514188
Cielo Vertical.svg,vertical,"(1600, 2560)",381980,image/svg+xml,['cielo'],s0sh1,1586515202
gato cubanito.svg,,"(1024, 768)",76275,image/svg+xml,['gatito'],s0sh1,1586515229
gatito sorprendido.bmp,,"(1024, 768)",90745,image/bmp,"['gatito', 'sorprendido', 'juguete']",s0sh1,1586515249
gatito sacando la lengua.png,,"(1024, 768)",96949,image/png,"['gatito', 'lengua', 'enojado']",s0sh1,1586515243
snorlax.png,pokemons,"(1920, 1080)",2157124,image/png,"['pokemon', 'snorlax', 'bulbasour', 'game']",s0sh1,1583515324
bulba.jpg,green,"(1600, 900)",69440,image/jpeg,"['bulbasaur', 'poke', 'game']",s0sh1,1583515329
psycho girl.jpeg,,"(1920, 1080)",262331,image/jpeg,"['pychodelic', 'girl']",s0sh1,1583515294
Skyrim Mountain.jpg,,"(1920, 1080)",310191,image/jpeg,"['skyrim', 'game']",s0sh1,1583515311
skyrim mamuts.png,,"(1920, 1200)",298761,image/png,"['skyrim', 'game']",s0sh1,1583515316
error.png,,"(798, 799)",390389,image/png,"['error', 'simpsons']",Galo,1696515633
